Percentage,Segment,Accuracy,Sensibility,Specificity,Dice,Standard Deviation
0.5,2000,0.7629299158396876,1.0,0.79006292749658,0.8404730488374574,0.008438435343286557
