Percentage,Segment,Accuracy,Sensibility,Specificity,Dice,Standard Deviation
0.5,2000,0.9590734293362961,0.9845560816189718,0.9509121404282694,0.8977524097697391,0.0009980618021076433
