Percentage,Segment,Accuracy,Sensibility,Specificity,Dice,Standard Deviation
0.5,2000,0.2499289820764288,1.0,0.3708271871099512,0.6812888817993301,0.0848197462632675
