,segment 1500,segment 2000,segment 2500
percentage
0.35,72.49408134899421
0.4,76.93814177787944
0.5,91.02315458843997
0.35,,79.615480045552
0.4,,82.39757600033595
0.5,,96.45808325939844
0.35,,,85.59642918184089
0.4,,,85.9631673933949
0.5,,,93.66130039029544
