,segment 1500,segment 2000,segment 2500
percentage
0.4,76.93814177787944
0.5,91.02315458843997
0.4,,82.39757600033595
0.5,,96.45808325939844
