,segment 1500,segment 2000,segment 2500
percentage
0.4,88.07072067405646
0.5,88.01981362463418
0.4,,88.18740792485976
0.5,,88.26982720425343
