,Accuracy,,Sensitivity,,Specificity,,Dice,
Percentage,Mean,Std,Mean,Std,Mean,Std,Mean,Std
0.4,79.66785888910769,2.729717111228254,99.99294239425353,0.007057605746460638,85.34928833844985,2.1853110859987197,0.881290642994581,0.0005834362540165228
0.5,93.7406189239192,2.717464335479235,99.87845234547765,0.10743244302943111,95.80208900458885,1.8691695680619276,0.881448204144438,0.0012500678980962299
