,Accuracy,,Sensitivity,,Specificity,,Dice,
Percentage,Mean,Std,Mean,Std,Mean,Std,Mean,Std
0.25,30.642633898590283,0.0,15.318141183482068,0.0,44.58556180315043,0.0,0.2432832778395417,0.0
