Percentage,Segment,Accuracy,Sensibility,Specificity,Dice
0.5,1500,0.6268275274560818,0.07944514501891552,0.7688270196257416,0.08011346962731096
