Percentage,Segment,Accuracy,Sensibility,Specificity,Dice
0.5,1500,0.5617572673057109,0.9973251028806585,0.6958093487759207,0.6980880711482376
