Percentage,Segment,Accuracy,Sensibility,Specificity,Dice,Standard Deviation
0.5,2000,0.97644229542497,0.5907834143364049,0.9794987093013573,0.6761476785770143,0.0305829660704175
