Percentage,Segment,Accuracy,Sensibility,Specificity,Dice
0.5,1500,0.8860850584086929,0.9997714233468193,0.8638865004299227,0.855639347789939
