Percentage,Segment,Accuracy,Sensibility,Specificity,Dice
0.5,1500,0.3169158604514805,1.0,0.45161875291784503,0.7714634971000549
