Percentage,Segment,Accuracy,Sensibility,Specificity,Dice
0.5,1500,0.17474421650109864,0.998412558426669,0.2385470719051149,0.7782895641413449
