Percentage,Segment,Accuracy,Sensibility,Specificity,Dice
0.5,1500,0.4784210427992303,0.9112483282588282,0.5790727406496122,0.8308857869337345
