Percentage,Segment,Accuracy,Sensibility,Specificity,Dice
0.5,1500,0.5012078165561004,0.8751626615771666,0.6219410551054149,0.6763434011598672
