Percentage,Segment,Accuracy,Sensibility,Specificity,Dice,Standard Deviation
0.5,1500,0.9322564090031525,0.926945154397285,0.9203887510339124,0.9440445151847474,7.518624502967236e-05
