Percentage,Segment,Accuracy,Sensibility,Specificity,Dice,Standard Deviation
0.5,2000,0.9631434509025872,0.824061730524929,0.9767125857265079,0.8880457011509795,0.0037765979307507937
