Percentage,Segment,Accuracy,Sensibility,Specificity,Dice
0.5,1500,0.7995414346544383,0.9996270419453492,0.8311279951743522,0.8419685863874344
