Percentage,Segment,Accuracy,Sensibility,Specificity,Dice,Standard Deviation
0.4,1500,0.7693814177787944,1.0,0.8316397725245113,0.8807072067405646,0.08457172041716518
0.5,1500,0.9102315458843997,0.9977101990244821,0.9393291943652693,0.8801981362463418,0.04338425854678103
0.4,2000,0.8239757600033595,0.9998588478850708,0.8753459942444858,0.8818740792485976,0.06441683067430935
0.5,2000,0.9645808325939843,0.9998588478850708,0.9767125857265079,0.8826982720425343,0.04415704408737126
