Percentage,Segment,Accuracy,Sensibility,Specificity,Dice
0.5,1500,0.9397446717303648,0.9871553822708651,0.9001420832963325,0.8449029372903751
