Percentage,Segment,Accuracy,Sensibility,Specificity,Dice
0.25,1500,0.3064263389859028,0.15318141183482067,0.44585561803150436,0.2432832778395417
