,segment 1500,segment 2000,segment 2500
percentage
0.4,100.0
0.5,99.77101990244822
0.4,,99.98588478850708
0.5,,99.98588478850708
