,segment 1500,segment 2000,segment 2500
percentage
0.4,83.16397725245113
0.5,93.93291943652693
0.4,,87.53459942444857
0.5,,97.67125857265079
